{
    "dna_sequence": "AACTTTAAGAAATTATGTGCATGCCTTCAAGACCCAGAGACCTAATCATA",
    "sequence_length": 50,
    "nucleotides": [
        "A",
        "T",
        "C",
        "G"
    ],
    "transition_matrix": {
        "A": {
            "A": 0.3333333333333333,
            "T": 0.2777777777777778,
            "C": 0.16666666666666666,
            "G": 0.2222222222222222
        },
        "T": {
            "A": 0.3076923076923077,
            "T": 0.3076923076923077,
            "C": 0.15384615384615385,
            "G": 0.23076923076923078
        },
        "C": {
            "A": 0.36363636363636365,
            "T": 0.2727272727272727,
            "C": 0.36363636363636365,
            "G": 0.0
        },
        "G": {
            "A": 0.5714285714285714,
            "T": 0.14285714285714285,
            "C": 0.2857142857142857,
            "G": 0.0
        }
    },
    "transition_counts": {
        "A": {
            "A": 6,
            "T": 5,
            "C": 3,
            "G": 4
        },
        "T": {
            "A": 4,
            "T": 4,
            "C": 2,
            "G": 3
        },
        "C": {
            "A": 4,
            "T": 3,
            "C": 4,
            "G": 0
        },
        "G": {
            "A": 4,
            "T": 1,
            "C": 2,
            "G": 0
        }
    },
    "nucleotide_frequencies": {
        "A": {
            "count": 19,
            "frequency": 0.38
        },
        "T": {
            "count": 13,
            "frequency": 0.26
        },
        "C": {
            "count": 11,
            "frequency": 0.22
        },
        "G": {
            "count": 7,
            "frequency": 0.14
        }
    }
}